Business,Town,Comment,Rate,Name,Date
albert school,paris,"Des apprenants qui ont envie d'apprendre, des professeurs issus d'√©tablissements prestigieux et investis, des locaux magnifiques...
J'aime particuli√®rement le concept de mentorat qui permet d'avoir des ""cours particuliers"" pour √©claircir certains points.",5.0,Jean-Eudes Sanson,29/10/24
albert school,paris,"√âcole s√©rieuse, d√©sormais bien implant√©e dans le paysage des √©tudes sup√©rieures fran√ßaises. Des profs de qualit√©. Tr√®s appliqu√©e et orient√©e ""monde pro"", et en m√™me temps elle essaie d'ouvrir un peu l'horizon de ses √©l√®ves (cf. cours de philo ou de g√©opolitique par exemple). J'y suis d√©j√† intervenue, et j'y ai d√©couvert une chouette ambiance et rencontr√© des √©l√®ves ouverts, d√©sireux d'apprendre et de progresser.",5.0,Elisabeth Geffroy,29/10/24
albert school,paris,"Une √©cole s√©rieuse avec une multitude de beaux partenariats que ce soit en finance, dans la GMS ou encore le luxe. L'ensemble des professeurs sont issus des √©coles fran√ßaises les plus prestigieuses que ce soit en commerce ou ing√©nieire. J'ai eu l'occasion d'animer des sessions de mentorat en IA et en math√©matiques aupr√®s d'√©tudiants, ce fut une bonne exp√©rience.",5.0,Justin CUZIN,21/11/24
albert school,paris,"Mon fils a commenc√© cette ann√©e l Albert School et √ßa faisait longtemps que je ne l avais pas vu aussi √©panoui
Les enseignants sont passionnants et ils sont bienveillants. Ils ont envie de transmettre leurs savoirs et on sent que ce n est pas leur r√©mun√©ration le moteur c est bien au del√†. Probablement aussi que c est un excellent vivier pour rep√©rer leurs futurs collaborateurs car beaucoup viennent du monde de l entreprise et je trouve que c est une vraie opportunit√©.
En lisant les commentaires n√©gatifs √ßa m √† encore plus donn√© envie de conna√Ætre cette √©cole car je vois aucun commentaire n√©gatif sur l enseignement mais que sur la communication et j en conclue que s√ªrement beaucoup sont d√ª √† de la jalousie ou de la peur de la concurrence !
Donc vous avez raison d avoir peur parceque cette √©cole mixte l ing√©nierie et le business et ce n est pas l avenir c est le pr√©sent et le temps que les vieux dinosaures des grandes √©coles d ing√©nieurs ou de business prennent le virage l albert school aura d√©j√† pris de l avance et aura ouvert dans de nombreux pays!!!",5.0,Audrey ROSENBLUM,29/10/24
albert school,paris,Des programmes d'excellence avec des professeurs de qualit√©. L'aide propos√©e pour trouver d'alternance est un vrai plus. Je recommande Albert School √† tous les √©tudiants souhaitant allier business et data ! Et le campus de Paris est simplement magnifique. :),5.0,Lisa Bartoluci,31/07/24
albert school,paris,Albert School est une √©cole formidable ! J'ai particip√© √† une SPO et j'ai √©t√© tr√®s bien accueilli. L'√©quipe p√©dagogique est √† l'√©coute et le cadre est id√©al pour apprendre et s'√©panouir. Les opportunit√©s professionnelles sont √©galement excellentes. Je recommande vivement !,5.0,Pierre Riviera,31/07/24
albert school,paris,"Une √©cole qui offre la possibilit√© aux √©l√®ves de se former aux domaines du business et de la data.
35 heures de cours par semaine en premi√®re et en deuxi√®me ann√©e et un excellent dans les enseignements (maths, sciences, marketing, strat...).

Albert School rompt avec les codes de l'enseignement sup√©rieur classique et permet aux √©tudiants de choisir une formation avec plus de pratique (projets r√©els et stages) que les parcours ""pr√©pa"".

Surtout, n'h√©sitez pas √† participer aux portes ouvertes pour venir √©changer avec l'√©quipe p√©dagogique et les √©tudiants et d√©couvrir le magnifique campus de Paris ü§©",5.0,Kevin Chedozeau,31/07/24
albert school,paris,J'ai eu l'occasion de rencontrer les √©tudiants de cette √©cole √† plusieurs reprises. Ils ont vraiment envie d'apprendre et il r√®gne une bonne atmosph√®re. Les √©quipements sont top et l'√©quipe p√©dagogique est tr√®s investie. Je recommande vivement cette √©cole !,5.0,Lionel L,31/07/24
albert school,paris,"Albert School est une super √©cole ! J'adore le concept des cas pratiques et des Alberthons qui plongent les √©tudiants dans des situations r√©elles, ce que je n'ai pas eu dans mes √©tudes. Les profs sont top, ils viennent des meilleures √©coles et √ßa se voit dans la qualit√© des cours. Je pense que l'accent sur la polyvalence entre data et business est exactement ce qu'il faut pour pr√©parer les leaders de demain. Je recommande vivement Albert School pour ceux qui veulent une formation de pointe dans ces domaines !",5.0,Lena Szepetowski,31/07/24
albert school,paris,"Je suis tr√®s satisfaite de mon exp√©rience √† l'Albert School. L'enseignement est de grande qualit√©, les professeurs sont excellents et les opportunit√©s de stage sont nombreuses et prestigieuses (Rothschild, Air France, BNP Paribas, LVMH, etc.). J'ai particuli√®rement ador√© le concept des Business Deep Dives (BDD), notamment celui qui a eu lieu avec LVMH. Je recommande vivement cette √©cole !",5.0,Valentine Demuli,31/07/24
albert school,paris,"Les frais d‚Äôinscription des √©tudiants participent largement √† l‚Äôenvahissement publicitaire autour de cette √©cole dont nous sommes victimes. Ayez en conscience avant d‚Äôy postuler.

Quant √† l‚Äô√©cole, je lui conseille de se d√©marquer davantage par ses qualit√©s intrins√®ques que par son marketing digital.",1.0,Samuel Witter,31/07/24
albert school,paris,"J'ai √©t√© tr√®s impressionn√©e par la qualit√© de la formation propos√©e par Albert School, tant pour les √©tudiants en Bachelor qu'en Master. L'administration se distingue par son √©coute attentive et sa r√©activit√© face aux probl√®mes. Les professeurs ont des parcours inspirants et sont parfaitement comp√©tents dans les mati√®res qu'ils enseignent. Je recommande vivement cette √©cole !",5.0,inasse benjelloun,31/07/24
albert school,paris,"Une √©cole totalement centr√©e sur ses √©tudiants, avec une grande ambition pour permettre √† des jeunes de d√©velopper les comp√©tences des responsables de demain.
L'√©quipe p√©dagogique est impressionnante et le r√©seau entreprises extraordinaire.",5.0,Arthur Walus,01/07/24
albert school,paris,"J‚Äôai particip√© √† une Journ√©e Portes Ouvertes un samedi il y √† quelques semaines, et j‚Äôai trouv√© l‚Äôexp√©rience g√©niale.

Le discours des fondateurs √©tait tr√®s inspirant, la journ√©e √©tait rythm√©e de pr√©sentations et activit√©s o√π on a pu √™tre impliqu√©s et d√©couvrir l‚Äô√©cole.

Les programmes Bachelor et Masters ont l‚Äôair d‚Äô√™tre exactement ce que le monde professionnel recherche dans des profils juniors. H√¢te de suivre le development de l‚Äô√©cole.",5.0,Matteo Bianchi,31/07/24
albert school,paris,"Albert School se distingue par la qualit√© de son corps enseignant, compos√© de professeurs enseignant √† HEC, Polytechnique ou encore l'INSEAD... L'√©quipe acad√©mique assure un suivi personnalis√©, avec un accent mis sur l'assiduit√© et le mentorat, accessible √† tous les √©l√®ves. D√®s le Bachelor, le programme met l'accent sur la professionnalisation, ce qui permet de pr√©parer efficacement les √©tudiants au monde du travail.",5.0,Edouard Neuville,31/07/24
albert school,paris,"Ecole avec une communication visiblement agressive et un r√©seau gr√¢ce √† ses investisseurs (Niel, sacr√© vitrine) qui apportent les fonds... mais ensuite ?? Ce n'est pas une √©cole, mais une entreprise : une pompe √† fric √† 12000‚Ç¨ l'ann√©e, pour une reconnaissance nulle aupr√®s des autres (vraies) √©coles et des entreprises, pas dupes ??
Attention, se m√©fier... Je n'y enverrais pas mes enfants. Je pr√©f√®re la garantie du syst√®me pr√©pa et des vraies √©coles d'ing√©nieurs.",1.0,Tuba PR√âVOST,30/08/24
albert school,paris,J'ai eu l'occasion d'animer des sessions de mentorat en Data / IA au pr√®s d'√©tudiants. Les profs et le staff sont top et les programmes sont parfaitement align√©s avec les besoins du march√© actuel !,5.0,Paul Laissus,31/07/24
albert school,paris,"Professeur de Strat√©gie chez Albert School depuis bient√¥t 2 ans, j'ai pu constater la qualit√© de cet √©tablissement √† bien des titres : * Vivacit√© et motivation des √©l√®ves
* Richesse de l'enseignement pratique et th√©orique prodigu√© avec les Business Deep-Dive organis√©s en partenariat avec des entreprises du tissu √©conomique fran√ßais
* Beaut√© des locaux et ergonomie du campus

Enfin, mention sp√©ciale √† l'√©quipe encadrante pour la rigueur mais aussi l'√©norme ambition qu'ils entretiennent pour leurs √©l√®ves ! Un bel exemple de renouveau de l'enseignement sup√©rieur adapt√© aux enjeux du XXIe si√®cle.

Go Albert School !",5.0,Virgile Blanchard,31/07/24
albert school,paris,J‚Äôai eu l‚Äôoccasion de faire plusieurs interventions aupr√®s des √©tudiants d‚ÄôAlbert School. J‚Äôy ai particuli√®rement appr√©ci√© l‚Äôorganisation et les attentes du corps professoral en termes de niveau. Et que dire du campus !,5.0,Pierre Antoine Dornic,31/07/24
albert school,paris,"Les cours sont qualitatifs, avec un bon √©quilibre entre la th√©orie et la pratique. Il y a une bonne ambiance, tant avec les √©tudiants qu'avec les professeurs et beaucoup d'opportunit√©s",5.0,Alexis Arnaud,01/07/24
albert school,paris,"√âtudiant √† Albert School, je trouve que c‚Äôest une excellente √©cole avec une tres bonne ambiance et des profs/cours de qualit√©",5.0,Enzo Natali,01/07/24
albert school,paris,"il faut arr√™ter avec vos publicit√©s redondantes ! c'est du harc√®lement. Je pense que nous avons tous compris qui vous √™tes soit disant l'√©cole du futur et que vous ouvrez un nouveau campus √† Lyon. Changez vos m√©thodes de communication et si votre √©tablissement √©tait si bien que vous le dites, il n'y en aurait m√™me pas besoin : le bouche √† oreilles suffirait... remettez vous en question.",1.0,Jean,01/06/24
albert school,paris,"Qualit√© remarquable des enseignants, des locaux, du projet p√©dagogique. Excellent accueil des nouveaux arrivants !",5.0,Olivier Jaskulk√©,29/10/24
albert school,paris,J'ai eu l'opportunit√© de rencontrer des √©tudiants d√©sireux d'apprendre et une √©quipe p√©dagogique tr√®s soucieuse de la r√©ussite de chacun,5.0,S√©lim,29/10/24
albert school,paris,"Albert School, une ecole d‚Äôexcellence avec un double cursus en Business et Data : une √©cole de r√™ve qui associe data, business, programmation et qui efface toute fronti√®re entre √©cole d‚Äôing√©nieur et de commerce
Formation √† laquelle vient s'ajouter un personnel tout √† fait accueillant, qui est √† l'√©coute.
Je ne regrette pas mon choix !",5.0,Gaby Balou,02/04/24
albert school,paris,"Je partage mon exp√©rience n√©gative √† propos de Albert School, car cela fait pr√®s de deux mois qu‚Äôils m‚Äôharc√®lent avec leur publicit√©. Nous avons compris qu‚Äôils se pr√©tendent √™tre l‚Äô√©cole du ‚Äòfutur‚Äô, merci pour l‚Äôinformation. Cependant, il existe des centaines, voire des milliers d‚Äô√©coles de commerce. P.S. : √† l‚Äôintention des √©tudiants : faites une pr√©pa et visez le top 3 des √©coles de commerce de France.",2.0,Paul Pks,02/05/24
albert school,paris,"Tr√®s bonne exp√©rience dans cette √©cole, les √©l√®ves y sont moteurs et les modes d'enseignement sont particuli√®rement stimulants !",5.0,Maxime R.,31/07/24
albert school,paris,"Incroyable ce qu'il se passe en ce moment chez Albert. Dans le monde actuel, on ne peut plus faire de business sans faire de data.",5.0,Antoine Nys,31/07/24
albert school,paris,"Une √©quipe p√©dagogique excellente, avec une belle proximit√© pour les √©l√®ves !",5.0,St√©phanie Amsellem,29/09/24
albert school,paris,Une √©cole in√©dite qui a bien compris les exigences business & data du monde d'aujourd'hui et de demain !,5.0,Doryane Bellegy,29/09/24
albert school,paris,Je recommande cette √©cole qui s'av√®re √™tre un game changer dans le monde de l'√©ducation. Elle n'a pas tard√© a se faire un nom et ce n'est pas √©tonnant.,5.0,Valentin Deslandes,31/07/24
albert school,paris,"Vos avis par rapport au spam de publicit√©s ne sont pas du tout pertinent
J'ai besoin de t√©moignages d'√©l√®ves qui ont √©tudi√© dans l'√©cole,
pas des personnes al√©atoire qui se plaignent de leur marketing.",5.0,ferry,01/07/24
albert school,paris,"Le programme de Bachelor √† Albert School est v√©ritablement exceptionnel. Le curriculum est complet, couvrant les sujets essentiels en mati√®re de donn√©es et de gestion. La collaboration avec les meilleures entreprises apporte des connaissances du monde r√©el et des opportunit√©s d'application pratique inestimables. Cimer Albert !",5.0,Benjamin Apra,01/01/23
albert school,paris,"Fils √©tudiant depuis la cr√©ation de l‚ÄôEcole.
Totalement satisfaite de ce choix !",5.0,Alexandra Lucas,29/09/24
albert school,paris,"Je peux vous aider √† am√©liorer votre communication sur les r√©seaux. Votre campus a l'air magnifique, il a d√ª co√ªter cher √† M. Niel, mais il aurait √©t√© davantage pertinent d'investir dans une cam√©ra/micro-cravate/√©clairage de qualit√©... Votre tapage publicitaire rend dingue, et votre manque de professionnalisme dans la communication ne fait pas vraiment s√©rieux....",1.0,Felix Buffet,01/01/23
albert school,paris,"Belle exp√©rience de mentorat avec les √©tudiants, de solides √©l√©ments. Bravo √† l'√©quipe encadrante.",5.0,Gr√©goire Hubert,01/07/24
albert school,paris,"Albert School, la premi√®re business school Data-Centric d‚Äôexcellence avec un double cursus en Business et Data : une √©cole de r√™ve qui associe data, business, programmation et qui efface toute fronti√®re entre √©cole d‚Äôing√©nieur et de commerce (cursus : post bac, hors Parcoursup, bachelor et masters). Une approche ""all in one"" in√©dite qui r√©pond aux attentes des entreprises d‚Äôaujourd‚Äôhui et de demain. Et le plus beau campus de Paris : Albert School est install√©e dans les anciens locaux du ¬´Manoir de Paris¬ª, au coeur du X√® arrondissement. Pour les futurs √©tudiants scientifiques qui souhaitent faire des maths sans renoncer au business.",5.0,Sandrine Legrand-Diez,01/01/23
albert school,paris,"Je recommande vivement Albert School, ayant visit√© les locaux dans le cadre de l‚Äôinauguration de l‚Äô√©cole.
Ce projet port√© par Gregoire et ses associ√©s est une belle promesse pour les jeunes qui souhaitent se former aux m√©tiers de la data !",5.0,Gabriel Dias,01/01/22
albert school,paris,"Staff, patrons, eleves, professeurs, tous hautement motiv√©s par leur tache. Un vrai plaisir.",5.0,ben,14/11/24
albert school,paris,Belle √©cole en devenir avec de s√©rieux partenariats !,5.0,Mathilde Guilbard,01/07/24
albert school,paris,Tr√®s content de commencer la vie √©tudiante au c√¥t√© d'Albert School,5.0,Gabriel Lascar,31/07/24
albert school,paris,Il font de la pub sur les r√©seaux meilleur √©cole et tout la v√©rit√© c'est tous le contraire entre ce qu'il dise ce qui promets et la v√©rit√© conseil allez dans d'autre √©coles plus comp√©tente et surtout avec des professionnels qui connaissent leur travail et sujet,1.0,Mr Cplusplus,01/01/23
albert school,paris,comment apprendre la data sans data center comment devenir ingenieur sans reseaux data digne de ce nom cest pas en apprenant du python trois ou 5 ans que vous pourrez vous y connaitre en data ou reseaux commerce et bizness sa sent Le vent comme pas mal d etude de commerce avec des diplomes acheter par Les contributions des etudiants moins de trente avis google sa prouve du serieux de ecoLe pour une ecoLe de bizness international faudrai payer plus de gens pour faire de faux avis et forcer tous vos etudiant a laisser des avis sa ferai deja plus serieux niveau referencement quand arrive pas a referencer ton ecoLe de commerce venez pas Me parLer data bizness,1.0,dupont george,01/01/23
albert school,paris,Parcours d‚Äôadmission et pr√©-rentr√©e sans faute,5.0,Agn√®s Daire-Marhic,29/09/24
albert school,paris,"Enfin une √©cole qui forme concr√®tement ses √©tudiants au monde du travail ! Bravo pour ce projet qui a beaucoup d'avenir, dommage qu'elle n'eut pas exist√© quand j'avais 20 ans, j'aurais pas h√©sit√© une seconde.",5.0,Henri Fran√ßois-Poncet,01/01/22
albert school,paris,"Ceci n‚Äôest pas un avis sur l‚Äô√©cole, mais sur le b√¢timent suite √† sa visite lors de sa Journ√©e Portes Ouvertes. √áa doit √™tre bien agr√©able d‚Äôy √©tudier!",4.0,Thierry Dorlhiac,01/01/23
albert school,paris,"Le campus est incroyable, les profs et les directeurs sont des cr√®mes, la meilleure √©cole que j‚Äôai vu, et de loin !",5.0,Lior,01/01/23
albert school,paris,"Un des professeurs m'a dit rentre dans ton pays, d√©√ßu du cursus propos√© pour l'instant",1.0,Yasco du 93,02/04/24
albert school,paris,Peu satisfait de l‚Äôexp√©rience en ligne,1.0,Bask Rider,30/08/24
albert school,paris,parfait,5.0,le mec cOol 15,29/09/24
albert school,paris,Magnifique endroit pour une √©cole incroyable !!,5.0,MaCha Genest,01/01/23
albert school,paris,"Superbe √âcole, les formateurs des leaders de demain !",5.0,VintageTran,01/01/23
albert school,paris,Tr√®s beau lieu avec un tr√®s bel enseignement,5.0,Benjamin Rasson,01/01/22
albert school,paris,Trop de pub,1.0,Aur√©lie Xu,01/07/24
albert school,paris,Le meilleur endroit de paris en toute objectivit√©,5.0,Victor Habchy,01/01/23
albert school,paris,La plus belles √©cole de Paris,5.0,Ha√Øm,01/01/23
albert school,paris,Excellente √©cole !!!!,5.0,T√©o Desquatrevaux,01/01/23
albert school,paris,"Une √©cole innovante dont le cursus correspond parfaitement √† ce qui nous est promis au d√©part
Le campus est magnifique et les intervenants sont tr√®s int√©ressants",5.0,Paulin Randon,27/11/24
albert school,paris,"Excellente formation avec la double comp√©tence en data science et business, tr√®s en phase avec les besoins de demain !",5.0,Emmanuel BRACQ,26/11/24
albert school,paris,"Contrairement √† l'information affich√©e par Google, Albert School n'est pas une √©cole d'ing√©nieur, car n'a pas fait l'objet d'une accr√©ditation par la CTI (Commission des Titres d'Ing√©nieur).",1.0,Philippe Rose,25/11/24
albert school,paris,,5.0,Pavel-Dan Diaconu,29/09/24
albert school,paris,,5.0,Sif-Eddine Y,01/07/24
albert school,paris,,5.0,Marie Le Goff,01/07/24
albert school,paris,,5.0,Pietro Valpondi,31/07/24
albert school,paris,,5.0,Antoine Battard,14/11/24
albert school,paris,,5.0,Tamas Somfai,02/05/24
albert school,paris,,5.0,In√©s B.H.,01/07/24
albert school,paris,,5.0,Eleonore de Bokay,02/04/24
albert school,paris,,5.0,Paul B√©b√©ar,29/09/24
albert school,paris,,5.0,Olivier Nobile,29/09/24
albert school,paris,,2.0,Kapitan,02/04/24
albert school,paris,,5.0,Mayeul Le Guern,03/03/24
albert school,paris,,5.0,h√©lo√Øse moreau,01/01/23
albert school,paris,,5.0,Yann,02/04/24
albert school,paris,Horrible,1.0,Enzo Le goat,02/05/24
albert school,paris,,5.0,Thomas Rousseau,25/11/24
albert school,paris,,4.0,Jules COTTE,25/11/24
albert school,paris,,5.0,Yasminaa Lemouden,25/11/24
albert school,paris,,5.0,Ellen Mires,21/11/24
albert school,paris,,5.0,Lucie-Anna Oddon,21/11/24
albert school,paris,,3.0,Kol Back,29/10/24
albert school,paris,,5.0,Alexis Machenaud,29/10/24
albert school,paris,,5.0,Aymeric de Larminat,29/10/24
albert school,paris,,5.0,Roland Juilhard,29/10/24
albert school,paris,,5.0,Diane Douala,29/10/24
albert school,paris,,5.0,nourimene haj ayed,29/10/24
albert school,paris,,5.0,Em√©rick Cakpo,29/09/24
albert school,paris,,5.0,Megane McCort,29/09/24
albert school,paris,,5.0,liam cymbler,29/09/24
albert school,paris,,5.0,Amine Lounis,29/09/24
albert school,paris,,5.0,Mehdi EK,29/09/24
albert school,paris,,4.0,valerie capone,29/09/24
albert school,paris,,5.0,Anna Spira,29/09/24
albert school,paris,,5.0,Noa Attia,29/09/24
albert school,paris,,5.0,Vincent Le Duigou,29/09/24
albert school,paris,,5.0,Izan Rooke Mora,29/09/24
albert school,paris,,5.0,Jonathan Bouniol,29/09/24
albert school,paris,,5.0,BOHBOT GUY,29/09/24
albert school,paris,,5.0,Le Rouge Gorge,29/09/24
albert school,paris,,5.0,antoine Marhic,29/09/24
albert school,paris,,4.0,Gabriel Leben,29/09/24
albert school,paris,,5.0,Ilona Laulan,29/09/24
albert school,paris,,5.0,Tao Benaouda,29/09/24
albert school,paris,,5.0,Jr D,30/08/24
albert school,paris,,5.0,Jean-Rapha√´l Duveau,30/08/24
albert school,paris,,5.0,Jr Duveau,30/08/24
albert school,paris,,5.0,Maximilien _DORN_,30/08/24
albert school,paris,,5.0,Amine LOUNIS,30/08/24
albert school,paris,,5.0,Goldey H,31/07/24
albert school,paris,,5.0,Nicolas Ponsavady,31/07/24
albert school,paris,,5.0,Saaasaaa,31/07/24
albert school,paris,,5.0,Cyrian Tchuente,31/07/24
albert school,paris,,5.0,Flore Jaskulke,31/07/24
albert school,paris,,5.0,Gerwig Elle,31/07/24
albert school,paris,,5.0,Prisca Nobile,31/07/24
albert school,paris,,5.0,Amlvava,31/07/24
albert school,paris,,5.0,fabrice koulidji,31/07/24
albert school,paris,,5.0,Alfredo Catalano,31/07/24
albert school,paris,,5.0,Ithier d'Aramon,31/07/24
albert school,paris,,5.0,Yih-Shan Duveau,01/07/24
albert school,paris,,1.0,Matis Breillad,01/06/24
albert school,paris,,5.0,Baptiste Thuaudet,01/06/24
albert school,paris,,1.0,Darius,02/05/24
albert school,paris,,1.0,Vifargent t,02/05/24
albert school,paris,,1.0,Silverclaw,02/05/24
albert school,paris,,1.0,Simon D√©l√©montey,02/05/24
albert school,paris,,5.0,maxim Bonvoisin,02/05/24
albert school,paris,,5.0,GuMY,02/04/24
albert school,paris,,5.0,R√©mi Moreau,02/04/24
albert school,paris,,5.0,Constoile,02/04/24
albert school,paris,,1.0,Bilal Aamir,02/02/24
albert school,paris,,1.0,Armiyaou Abdoul bagui,01/01/23
albert school,paris,,5.0,Deniz Okumusoglu,01/01/23
albert school,paris,,5.0,Paul Million,01/01/23
albert school,paris,,5.0,Jonathan Nussbaumer,01/01/23
albert school,paris,,1.0,Samoura√Ø Casablanca,01/01/23
albert school,paris,,1.0,Corinne PAUX,01/01/23
albert school,paris,,5.0,Gustave Benoit,01/01/23
albert school,paris,,5.0,baldor geoffrey,01/01/23
albert school,paris,,5.0,Lou Brunet,01/01/23
albert school,paris,,5.0,Charles Dana (‚ÄúAFrenchGuy‚Äù),01/01/23
albert school,paris,,1.0,Louis Lamirand,01/01/23
albert school,paris,,5.0,Mathieu SCHIMPL,01/01/22
albert school,paris,,5.0,Alix Francois-poncet,01/01/22
albert school,paris,,5.0,Louis Brunet,01/01/22
albert school,paris,,5.0,Valentin Strach,01/01/22
